timestamp,variable,pine_value,python_value,delta,tolerance,status
2025-09-05T19:12:10.575846,f1_rsi,40.0,40.0,0.0,1e-06,PASS
2025-09-05T19:12:10.575846,f2_wt,-20.0,-20.0,0.0,1e-06,PASS
2025-09-05T19:12:10.575846,f3_cci,-100.0,-100.0,0.0,1e-06,PASS
2025-09-05T19:12:10.575846,f4_adx,20.0,20.0,0.0,1e-06,PASS
2025-09-05T19:12:10.575846,f5_rsi,40.0,40.0,0.0,1e-06,PASS
2025-09-05T19:12:10.577972,f1_rsi,40.0,40.0,0.0,1e-06,PASS
2025-09-05T19:12:10.577972,f2_wt,-20.0,-20.0,0.0,1e-06,PASS
2025-09-05T19:12:10.577972,f3_cci,-100.0,-100.0,0.0,1e-06,PASS
2025-09-05T19:12:10.577972,f4_adx,20.0,20.0,0.0,1e-06,PASS
2025-09-05T19:12:10.577972,f5_rsi,40.0,40.0,0.0,1e-06,PASS
2025-09-05T19:12:10.577972,f1_rsi,40.0,40.0,0.0,1e-06,PASS
2025-09-05T19:12:10.577972,f2_wt,-20.0,-20.0,0.0,1e-06,PASS
2025-09-05T19:12:10.577972,f3_cci,-100.0,-100.0,0.0,1e-06,PASS
2025-09-05T19:12:10.577972,f4_adx,20.0,20.0,0.0,1e-06,PASS
2025-09-05T19:12:10.577972,f5_rsi,40.0,40.0,0.0,1e-06,PASS
2025-09-05T19:12:10.580021,f1_rsi,40.0,40.0,0.0,1e-06,PASS
2025-09-05T19:12:10.580021,f2_wt,-20.0,-20.0,0.0,1e-06,PASS
2025-09-05T19:12:10.580021,f3_cci,-100.0,-100.0,0.0,1e-06,PASS
2025-09-05T19:12:10.580021,f4_adx,20.0,20.0,0.0,1e-06,PASS
2025-09-05T19:12:10.580021,f5_rsi,40.0,40.0,0.0,1e-06,PASS
2025-09-05T19:12:10.587807,f1_rsi,40.0,40.0,0.0,1e-06,PASS
2025-09-05T19:12:10.587807,f2_wt,-20.0,-20.0,0.0,1e-06,PASS
2025-09-05T19:12:10.587807,f3_cci,-100.0,-100.0,0.0,1e-06,PASS
2025-09-05T19:12:10.587807,f4_adx,20.0,20.0,0.0,1e-06,PASS
2025-09-05T19:12:10.587807,f5_rsi,40.0,40.0,0.0,1e-06,PASS
2025-09-05T19:12:10.590508,f1_rsi,40.0,40.0,0.0,1e-06,PASS
2025-09-05T19:12:10.590508,f2_wt,-20.0,-20.0,0.0,1e-06,PASS
2025-09-05T19:12:10.590508,f3_cci,-100.0,-100.0,0.0,1e-06,PASS
2025-09-05T19:12:10.590508,f4_adx,20.0,20.0,0.0,1e-06,PASS
2025-09-05T19:12:10.590508,f5_rsi,40.0,40.0,0.0,1e-06,PASS
2025-09-05T19:12:10.590508,f1_rsi,40.0,40.0,0.0,1e-06,PASS
2025-09-05T19:12:10.590508,f2_wt,-20.0,-20.0,0.0,1e-06,PASS
2025-09-05T19:12:10.590508,f3_cci,-100.0,-100.0,0.0,1e-06,PASS
2025-09-05T19:12:10.590508,f4_adx,20.0,20.0,0.0,1e-06,PASS
2025-09-05T19:12:10.590508,f5_rsi,40.0,40.0,0.0,1e-06,PASS
2025-09-05T19:12:10.592260,f1_rsi,40.0,40.0,0.0,1e-06,PASS
2025-09-05T19:12:10.592260,f2_wt,-20.0,-20.0,0.0,1e-06,PASS
2025-09-05T19:12:10.592260,f3_cci,-100.0,-100.0,0.0,1e-06,PASS
2025-09-05T19:12:10.592260,f4_adx,20.0,20.0,0.0,1e-06,PASS
2025-09-05T19:12:10.592260,f5_rsi,40.0,40.0,0.0,1e-06,PASS
2025-09-05T19:12:10.594642,f1_rsi,40.0,40.0,0.0,1e-06,PASS
2025-09-05T19:12:10.594642,f2_wt,-20.0,-20.0,0.0,1e-06,PASS
2025-09-05T19:12:10.594642,f3_cci,-100.0,-100.0,0.0,1e-06,PASS
2025-09-05T19:12:10.594642,f4_adx,20.0,20.0,0.0,1e-06,PASS
2025-09-05T19:12:10.594642,f5_rsi,40.0,40.0,0.0,1e-06,PASS
2025-09-05T19:12:10.596518,f1_rsi,40.0,40.0,0.0,1e-06,PASS
2025-09-05T19:12:10.596518,f2_wt,-20.0,-20.0,0.0,1e-06,PASS
2025-09-05T19:12:10.596518,f3_cci,-100.0,-100.0,0.0,1e-06,PASS
2025-09-05T19:12:10.596518,f4_adx,20.0,20.0,0.0,1e-06,PASS
2025-09-05T19:12:10.596518,f5_rsi,40.0,40.0,0.0,1e-06,PASS
2025-09-05T19:12:10.597527,prediction,0,0,0,1e-06,PASS
2025-09-05T19:12:10.597527,confidence,0.0,0.0,0.0,1e-06,PASS
2025-09-05T19:12:10.597527,signal,0,0,0,1e-06,PASS
2025-09-05T19:12:10.597527,neighbors_count,0,0,0,1e-06,PASS
2025-09-05T19:12:10.600552,f1_rsi,40.0,40.0,0.0,1e-06,PASS
2025-09-05T19:12:10.600552,f2_wt,-20.0,-20.0,0.0,1e-06,PASS
2025-09-05T19:12:10.600552,f3_cci,-100.0,-100.0,0.0,1e-06,PASS
2025-09-05T19:12:10.600552,f4_adx,20.0,20.0,0.0,1e-06,PASS
2025-09-05T19:12:10.600552,f5_rsi,40.0,40.0,0.0,1e-06,PASS
2025-09-05T19:12:10.600552,prediction,0,0,0,1e-06,PASS
2025-09-05T19:12:10.600552,confidence,0.0,0.0,0.0,1e-06,PASS
2025-09-05T19:12:10.600552,signal,0,0,0,1e-06,PASS
2025-09-05T19:12:10.600552,neighbors_count,0,0,0,1e-06,PASS
2025-09-05T19:12:10.603936,f1_rsi,40.0,40.0,0.0,1e-06,PASS
2025-09-05T19:12:10.603936,f2_wt,-20.0,-20.0,0.0,1e-06,PASS
2025-09-05T19:12:10.603936,f3_cci,-100.0,-100.0,0.0,1e-06,PASS
2025-09-05T19:12:10.603936,f4_adx,20.0,20.0,0.0,1e-06,PASS
2025-09-05T19:12:10.603936,f5_rsi,40.0,40.0,0.0,1e-06,PASS
2025-09-05T19:12:10.603936,prediction,0,0,0,1e-06,PASS
2025-09-05T19:12:10.603936,confidence,0.0,0.0,0.0,1e-06,PASS
2025-09-05T19:12:10.603936,signal,0,0,0,1e-06,PASS
2025-09-05T19:12:10.603936,neighbors_count,0,0,0,1e-06,PASS
2025-09-05T19:12:10.603936,f1_rsi,40.0,40.0,0.0,1e-06,PASS
2025-09-05T19:12:10.603936,f2_wt,-20.0,-20.0,0.0,1e-06,PASS
2025-09-05T19:12:10.603936,f3_cci,-100.0,-100.0,0.0,1e-06,PASS
2025-09-05T19:12:10.603936,f4_adx,20.0,20.0,0.0,1e-06,PASS
2025-09-05T19:12:10.603936,f5_rsi,40.0,40.0,0.0,1e-06,PASS
2025-09-05T19:12:10.607570,prediction,0,0,0,1e-06,PASS
2025-09-05T19:12:10.607570,confidence,0.0,0.0,0.0,1e-06,PASS
2025-09-05T19:12:10.607570,signal,0,0,0,1e-06,PASS
2025-09-05T19:12:10.607570,neighbors_count,0,0,0,1e-06,PASS
2025-09-05T19:12:10.608589,f1_rsi,40.0,40.0,0.0,1e-06,PASS
2025-09-05T19:12:10.608589,f2_wt,-20.0,-20.0,0.0,1e-06,PASS
2025-09-05T19:12:10.608589,f3_cci,-100.0,-100.0,0.0,1e-06,PASS
2025-09-05T19:12:10.608589,f4_adx,20.0,20.0,0.0,1e-06,PASS
2025-09-05T19:12:10.608589,f5_rsi,40.0,40.0,0.0,1e-06,PASS
2025-09-05T19:12:10.608589,prediction,0,0,0,1e-06,PASS
2025-09-05T19:12:10.608589,confidence,0.0,0.0,0.0,1e-06,PASS
2025-09-05T19:12:10.608589,signal,0,0,0,1e-06,PASS
2025-09-05T19:12:10.608589,neighbors_count,0,0,0,1e-06,PASS
2025-09-05T19:12:10.610480,f1_rsi,40.0,40.0,0.0,1e-06,PASS
2025-09-05T19:12:10.610480,f2_wt,-20.0,-20.0,0.0,1e-06,PASS
2025-09-05T19:12:10.610480,f3_cci,-100.0,-100.0,0.0,1e-06,PASS
2025-09-05T19:12:10.610480,f4_adx,20.0,20.0,0.0,1e-06,PASS
2025-09-05T19:12:10.610480,f5_rsi,40.0,40.0,0.0,1e-06,PASS
2025-09-05T19:12:10.610480,prediction,0,0,0,1e-06,PASS
2025-09-05T19:12:10.610480,confidence,0.0,0.0,0.0,1e-06,PASS
2025-09-05T19:12:10.610480,signal,0,0,0,1e-06,PASS
2025-09-05T19:12:10.610480,neighbors_count,0,0,0,1e-06,PASS
2025-09-05T19:12:10.610480,f1_rsi,40.0,40.0,0.0,1e-06,PASS
2025-09-05T19:12:10.610480,f2_wt,-20.0,-20.0,0.0,1e-06,PASS
2025-09-05T19:12:10.610480,f3_cci,-100.0,-100.0,0.0,1e-06,PASS
2025-09-05T19:12:10.610480,f4_adx,20.0,20.0,0.0,1e-06,PASS
2025-09-05T19:12:10.610480,f5_rsi,40.0,40.0,0.0,1e-06,PASS
2025-09-05T19:12:10.610480,prediction,0,0,0,1e-06,PASS
2025-09-05T19:12:10.610480,confidence,0.0,0.0,0.0,1e-06,PASS
2025-09-05T19:12:10.610480,signal,0,0,0,1e-06,PASS
2025-09-05T19:12:10.610480,neighbors_count,0,0,0,1e-06,PASS
2025-09-05T19:12:10.616759,f1_rsi,40.0,40.0,0.0,1e-06,PASS
2025-09-05T19:12:10.616759,f2_wt,-20.0,-20.0,0.0,1e-06,PASS
2025-09-05T19:12:10.616759,f3_cci,-100.0,-100.0,0.0,1e-06,PASS
2025-09-05T19:12:10.616759,f4_adx,20.0,20.0,0.0,1e-06,PASS
2025-09-05T19:12:10.616759,f5_rsi,40.0,40.0,0.0,1e-06,PASS
2025-09-05T19:12:10.616759,prediction,0,0,0,1e-06,PASS
2025-09-05T19:12:10.616759,confidence,0.0,0.0,0.0,1e-06,PASS
2025-09-05T19:12:10.616759,signal,0,0,0,1e-06,PASS
2025-09-05T19:12:10.616759,neighbors_count,0,0,0,1e-06,PASS
2025-09-05T19:12:10.616759,f1_rsi,40.0,40.0,0.0,1e-06,PASS
2025-09-05T19:12:10.616759,f2_wt,-20.0,-20.0,0.0,1e-06,PASS
2025-09-05T19:12:10.616759,f3_cci,-100.0,-100.0,0.0,1e-06,PASS
2025-09-05T19:12:10.616759,f4_adx,20.0,20.0,0.0,1e-06,PASS
2025-09-05T19:12:10.616759,f5_rsi,40.0,40.0,0.0,1e-06,PASS
2025-09-05T19:12:10.616759,prediction,0,0,0,1e-06,PASS
2025-09-05T19:12:10.616759,confidence,0.0,0.0,0.0,1e-06,PASS
2025-09-05T19:12:10.616759,signal,0,0,0,1e-06,PASS
2025-09-05T19:12:10.616759,neighbors_count,2,2,0,1e-06,PASS
2025-09-05T19:12:10.620829,f1_rsi,40.0,40.0,0.0,1e-06,PASS
2025-09-05T19:12:10.620829,f2_wt,-20.0,-20.0,0.0,1e-06,PASS
2025-09-05T19:12:10.620829,f3_cci,-100.0,-100.0,0.0,1e-06,PASS
2025-09-05T19:12:10.620829,f4_adx,20.0,20.0,0.0,1e-06,PASS
2025-09-05T19:12:10.620829,f5_rsi,40.0,40.0,0.0,1e-06,PASS
2025-09-05T19:12:10.620829,prediction,0,0,0,1e-06,PASS
2025-09-05T19:12:10.620829,confidence,0.0,0.0,0.0,1e-06,PASS
2025-09-05T19:12:10.620829,signal,0,0,0,1e-06,PASS
2025-09-05T19:12:10.620829,neighbors_count,3,3,0,1e-06,PASS
2025-09-05T19:12:10.623504,f1_rsi,40.0,40.0,0.0,1e-06,PASS
2025-09-05T19:12:10.623504,f2_wt,-20.0,-20.0,0.0,1e-06,PASS
2025-09-05T19:12:10.623504,f3_cci,-100.0,-100.0,0.0,1e-06,PASS
2025-09-05T19:12:10.623504,f4_adx,20.0,20.0,0.0,1e-06,PASS
2025-09-05T19:12:10.623504,f5_rsi,40.0,40.0,0.0,1e-06,PASS
2025-09-05T19:12:10.625248,prediction,0,0,0,1e-06,PASS
2025-09-05T19:12:10.625248,confidence,0.0,0.0,0.0,1e-06,PASS
2025-09-05T19:12:10.625248,signal,0,0,0,1e-06,PASS
2025-09-05T19:12:10.625248,neighbors_count,3,3,0,1e-06,PASS
2025-09-05T19:12:10.626542,f1_rsi,40.0,40.0,0.0,1e-06,PASS
2025-09-05T19:12:10.626542,f2_wt,-20.0,-20.0,0.0,1e-06,PASS
2025-09-05T19:12:10.626542,f3_cci,-100.0,-100.0,0.0,1e-06,PASS
2025-09-05T19:12:10.626542,f4_adx,20.0,20.0,0.0,1e-06,PASS
2025-09-05T19:12:10.626542,f5_rsi,40.0,40.0,0.0,1e-06,PASS
2025-09-05T19:12:10.626542,prediction,0,0,0,1e-06,PASS
2025-09-05T19:12:10.626542,confidence,0.0,0.0,0.0,1e-06,PASS
2025-09-05T19:12:10.626542,signal,0,0,0,1e-06,PASS
2025-09-05T19:12:10.626542,neighbors_count,3,3,0,1e-06,PASS
2025-09-05T19:12:10.626542,f1_rsi,40.0,40.0,0.0,1e-06,PASS
2025-09-05T19:12:10.626542,f2_wt,-20.0,-20.0,0.0,1e-06,PASS
2025-09-05T19:12:10.626542,f3_cci,-100.0,-100.0,0.0,1e-06,PASS
2025-09-05T19:12:10.626542,f4_adx,20.0,20.0,0.0,1e-06,PASS
2025-09-05T19:12:10.626542,f5_rsi,40.0,40.0,0.0,1e-06,PASS
2025-09-05T19:12:10.626542,prediction,0,0,0,1e-06,PASS
2025-09-05T19:12:10.626542,confidence,0.0,0.0,0.0,1e-06,PASS
2025-09-05T19:12:10.626542,signal,0,0,0,1e-06,PASS
2025-09-05T19:12:10.626542,neighbors_count,3,3,0,1e-06,PASS
2025-09-05T19:12:10.626542,f1_rsi,40.0,40.0,0.0,1e-06,PASS
2025-09-05T19:12:10.626542,f2_wt,-20.0,-20.0,0.0,1e-06,PASS
2025-09-05T19:12:10.626542,f3_cci,-100.0,-100.0,0.0,1e-06,PASS
2025-09-05T19:12:10.626542,f4_adx,20.0,20.0,0.0,1e-06,PASS
2025-09-05T19:12:10.626542,f5_rsi,40.0,40.0,0.0,1e-06,PASS
2025-09-05T19:12:10.633761,prediction,0,0,0,1e-06,PASS
2025-09-05T19:12:10.633761,confidence,0.0,0.0,0.0,1e-06,PASS
2025-09-05T19:12:10.633761,signal,0,0,0,1e-06,PASS
2025-09-05T19:12:10.633761,neighbors_count,4,4,0,1e-06,PASS
2025-09-05T19:12:10.633761,f1_rsi,40.0,40.0,0.0,1e-06,PASS
2025-09-05T19:12:10.633761,f2_wt,-20.0,-20.0,0.0,1e-06,PASS
2025-09-05T19:12:10.633761,f3_cci,-100.0,-100.0,0.0,1e-06,PASS
2025-09-05T19:12:10.633761,f4_adx,20.0,20.0,0.0,1e-06,PASS
2025-09-05T19:12:10.633761,f5_rsi,40.0,40.0,0.0,1e-06,PASS
2025-09-05T19:12:10.636012,prediction,0,0,0,1e-06,PASS
2025-09-05T19:12:10.636012,confidence,0.0,0.0,0.0,1e-06,PASS
2025-09-05T19:12:10.636012,signal,0,0,0,1e-06,PASS
2025-09-05T19:12:10.636012,neighbors_count,4,4,0,1e-06,PASS
2025-09-05T19:12:10.638026,f1_rsi,40.0,40.0,0.0,1e-06,PASS
2025-09-05T19:12:10.638026,f2_wt,-20.0,-20.0,0.0,1e-06,PASS
2025-09-05T19:12:10.638026,f3_cci,-100.0,-100.0,0.0,1e-06,PASS
2025-09-05T19:12:10.638026,f4_adx,20.0,20.0,0.0,1e-06,PASS
2025-09-05T19:12:10.638026,f5_rsi,40.0,40.0,0.0,1e-06,PASS
2025-09-05T19:12:10.640071,prediction,0,0,0,1e-06,PASS
2025-09-05T19:12:10.640071,confidence,0.0,0.0,0.0,1e-06,PASS
2025-09-05T19:12:10.640071,signal,0,0,0,1e-06,PASS
2025-09-05T19:12:10.640071,neighbors_count,4,4,0,1e-06,PASS
2025-09-05T19:12:10.641671,f1_rsi,40.0,40.0,0.0,1e-06,PASS
2025-09-05T19:12:10.641671,f2_wt,-20.0,-20.0,0.0,1e-06,PASS
2025-09-05T19:12:10.641671,f3_cci,-100.0,-100.0,0.0,1e-06,PASS
2025-09-05T19:12:10.641671,f4_adx,20.0,20.0,0.0,1e-06,PASS
2025-09-05T19:12:10.641671,f5_rsi,40.0,40.0,0.0,1e-06,PASS
2025-09-05T19:12:10.641671,prediction,0,0,0,1e-06,PASS
2025-09-05T19:12:10.641671,confidence,0.0,0.0,0.0,1e-06,PASS
2025-09-05T19:12:10.641671,signal,0,0,0,1e-06,PASS
2025-09-05T19:12:10.641671,neighbors_count,4,4,0,1e-06,PASS
2025-09-05T19:12:10.643817,f1_rsi,40.0,40.0,0.0,1e-06,PASS
2025-09-05T19:12:10.643817,f2_wt,-20.0,-20.0,0.0,1e-06,PASS
2025-09-05T19:12:10.643817,f3_cci,-100.0,-100.0,0.0,1e-06,PASS
2025-09-05T19:12:10.643817,f4_adx,20.0,20.0,0.0,1e-06,PASS
2025-09-05T19:12:10.643817,f5_rsi,40.0,40.0,0.0,1e-06,PASS
2025-09-05T19:12:10.645826,prediction,0,0,0,1e-06,PASS
2025-09-05T19:12:10.645826,confidence,0.0,0.0,0.0,1e-06,PASS
2025-09-05T19:12:10.645826,signal,0,0,0,1e-06,PASS
2025-09-05T19:12:10.645826,neighbors_count,5,5,0,1e-06,PASS
2025-09-05T19:12:10.650339,f1_rsi,40.0,40.0,0.0,1e-06,PASS
2025-09-05T19:12:10.650339,f2_wt,-20.0,-20.0,0.0,1e-06,PASS
2025-09-05T19:12:10.650339,f3_cci,-100.0,-100.0,0.0,1e-06,PASS
2025-09-05T19:12:10.650339,f4_adx,20.0,20.0,0.0,1e-06,PASS
2025-09-05T19:12:10.650339,f5_rsi,40.0,40.0,0.0,1e-06,PASS
2025-09-05T19:12:10.650339,prediction,0,0,0,1e-06,PASS
2025-09-05T19:12:10.650339,confidence,0.0,0.0,0.0,1e-06,PASS
2025-09-05T19:12:10.650339,signal,0,0,0,1e-06,PASS
2025-09-05T19:12:10.650339,neighbors_count,5,5,0,1e-06,PASS
2025-09-05T19:12:10.650339,f1_rsi,40.0,40.0,0.0,1e-06,PASS
2025-09-05T19:12:10.650339,f2_wt,-20.0,-20.0,0.0,1e-06,PASS
2025-09-05T19:12:10.650339,f3_cci,-100.0,-100.0,0.0,1e-06,PASS
2025-09-05T19:12:10.650339,f4_adx,20.0,20.0,0.0,1e-06,PASS
2025-09-05T19:12:10.650339,f5_rsi,40.0,40.0,0.0,1e-06,PASS
2025-09-05T19:12:10.655686,prediction,0,0,0,1e-06,PASS
2025-09-05T19:12:10.655686,confidence,0.0,0.0,0.0,1e-06,PASS
2025-09-05T19:12:10.655686,signal,0,0,0,1e-06,PASS
2025-09-05T19:12:10.655686,neighbors_count,5,5,0,1e-06,PASS
2025-09-05T19:12:10.657730,f1_rsi,40.0,40.0,0.0,1e-06,PASS
2025-09-05T19:12:10.657730,f2_wt,-20.0,-20.0,0.0,1e-06,PASS
2025-09-05T19:12:10.657730,f3_cci,-100.0,-100.0,0.0,1e-06,PASS
2025-09-05T19:12:10.657730,f4_adx,20.0,20.0,0.0,1e-06,PASS
2025-09-05T19:12:10.657730,f5_rsi,40.0,40.0,0.0,1e-06,PASS
2025-09-05T19:12:10.659673,prediction,0,0,0,1e-06,PASS
2025-09-05T19:12:10.659673,confidence,0.0,0.0,0.0,1e-06,PASS
2025-09-05T19:12:10.659673,signal,0,0,0,1e-06,PASS
2025-09-05T19:12:10.659673,neighbors_count,5,5,0,1e-06,PASS
2025-09-05T19:12:10.661920,f1_rsi,40.0,40.0,0.0,1e-06,PASS
2025-09-05T19:12:10.661920,f2_wt,-20.0,-20.0,0.0,1e-06,PASS
2025-09-05T19:12:10.661920,f3_cci,-100.0,-100.0,0.0,1e-06,PASS
2025-09-05T19:12:10.661920,f4_adx,20.0,20.0,0.0,1e-06,PASS
2025-09-05T19:12:10.661920,f5_rsi,40.0,40.0,0.0,1e-06,PASS
2025-09-05T19:12:10.661920,prediction,0,0,0,1e-06,PASS
2025-09-05T19:12:10.661920,confidence,0.0,0.0,0.0,1e-06,PASS
2025-09-05T19:12:10.661920,signal,0,0,0,1e-06,PASS
2025-09-05T19:12:10.661920,neighbors_count,6,6,0,1e-06,PASS
2025-09-05T19:12:10.667748,f1_rsi,40.0,40.0,0.0,1e-06,PASS
2025-09-05T19:12:10.667748,f2_wt,-20.0,-20.0,0.0,1e-06,PASS
2025-09-05T19:12:10.667748,f3_cci,-100.0,-100.0,0.0,1e-06,PASS
2025-09-05T19:12:10.667748,f4_adx,20.0,20.0,0.0,1e-06,PASS
2025-09-05T19:12:10.667748,f5_rsi,40.0,40.0,0.0,1e-06,PASS
2025-09-05T19:12:10.667748,prediction,0,0,0,1e-06,PASS
2025-09-05T19:12:10.667748,confidence,0.0,0.0,0.0,1e-06,PASS
2025-09-05T19:12:10.667748,signal,0,0,0,1e-06,PASS
2025-09-05T19:12:10.667748,neighbors_count,6,6,0,1e-06,PASS
2025-09-05T19:12:10.670813,f1_rsi,40.0,40.0,0.0,1e-06,PASS
2025-09-05T19:12:10.670813,f2_wt,-20.0,-20.0,0.0,1e-06,PASS
2025-09-05T19:12:10.670813,f3_cci,-100.0,-100.0,0.0,1e-06,PASS
2025-09-05T19:12:10.670813,f4_adx,20.0,20.0,0.0,1e-06,PASS
2025-09-05T19:12:10.670813,f5_rsi,40.0,40.0,0.0,1e-06,PASS
2025-09-05T19:12:10.671605,prediction,0,0,0,1e-06,PASS
2025-09-05T19:12:10.671605,confidence,0.0,0.0,0.0,1e-06,PASS
2025-09-05T19:12:10.671605,signal,0,0,0,1e-06,PASS
2025-09-05T19:12:10.671605,neighbors_count,6,6,0,1e-06,PASS
2025-09-05T19:12:10.673408,f1_rsi,40.0,40.0,0.0,1e-06,PASS
2025-09-05T19:12:10.673408,f2_wt,-20.0,-20.0,0.0,1e-06,PASS
2025-09-05T19:12:10.673408,f3_cci,-100.0,-100.0,0.0,1e-06,PASS
2025-09-05T19:12:10.673408,f4_adx,20.0,20.0,0.0,1e-06,PASS
2025-09-05T19:12:10.673408,f5_rsi,40.0,40.0,0.0,1e-06,PASS
2025-09-05T19:12:10.675419,prediction,0,0,0,1e-06,PASS
2025-09-05T19:12:10.675419,confidence,0.0,0.0,0.0,1e-06,PASS
2025-09-05T19:12:10.675419,signal,0,0,0,1e-06,PASS
2025-09-05T19:12:10.675419,neighbors_count,6,6,0,1e-06,PASS
2025-09-05T19:12:10.677438,f1_rsi,40.0,40.0,0.0,1e-06,PASS
2025-09-05T19:12:10.677438,f2_wt,-20.0,-20.0,0.0,1e-06,PASS
2025-09-05T19:12:10.677438,f3_cci,-100.0,-100.0,0.0,1e-06,PASS
2025-09-05T19:12:10.677438,f4_adx,20.0,20.0,0.0,1e-06,PASS
2025-09-05T19:12:10.677438,f5_rsi,40.0,40.0,0.0,1e-06,PASS
2025-09-05T19:12:10.677438,prediction,0,0,0,1e-06,PASS
2025-09-05T19:12:10.677438,confidence,0.0,0.0,0.0,1e-06,PASS
2025-09-05T19:12:10.677438,signal,0,0,0,1e-06,PASS
2025-09-05T19:12:10.677438,neighbors_count,7,7,0,1e-06,PASS
2025-09-05T19:12:10.679409,f1_rsi,40.0,40.0,0.0,1e-06,PASS
2025-09-05T19:12:10.679409,f2_wt,-20.0,-20.0,0.0,1e-06,PASS
2025-09-05T19:12:10.679409,f3_cci,-100.0,-100.0,0.0,1e-06,PASS
2025-09-05T19:12:10.679409,f4_adx,20.0,20.0,0.0,1e-06,PASS
2025-09-05T19:12:10.679409,f5_rsi,40.0,40.0,0.0,1e-06,PASS
2025-09-05T19:12:10.686504,prediction,0,0,0,1e-06,PASS
2025-09-05T19:12:10.686504,confidence,0.0,0.0,0.0,1e-06,PASS
2025-09-05T19:12:10.686504,signal,0,0,0,1e-06,PASS
2025-09-05T19:12:10.686504,neighbors_count,7,7,0,1e-06,PASS
2025-09-05T19:12:10.692797,f1_rsi,40.0,40.0,0.0,1e-06,PASS
2025-09-05T19:12:10.692797,f2_wt,-20.0,-20.0,0.0,1e-06,PASS
2025-09-05T19:12:10.692797,f3_cci,-100.0,-100.0,0.0,1e-06,PASS
2025-09-05T19:12:10.692797,f4_adx,20.0,20.0,0.0,1e-06,PASS
2025-09-05T19:12:10.692797,f5_rsi,40.0,40.0,0.0,1e-06,PASS
2025-09-05T19:12:10.695808,prediction,0,0,0,1e-06,PASS
2025-09-05T19:12:10.695808,confidence,0.0,0.0,0.0,1e-06,PASS
2025-09-05T19:12:10.695808,signal,0,0,0,1e-06,PASS
2025-09-05T19:12:10.695808,neighbors_count,7,7,0,1e-06,PASS
2025-09-05T19:12:10.708126,f1_rsi,40.0,40.0,0.0,1e-06,PASS
2025-09-05T19:12:10.708126,f2_wt,-20.0,-20.0,0.0,1e-06,PASS
2025-09-05T19:12:10.708126,f3_cci,-100.0,-100.0,0.0,1e-06,PASS
2025-09-05T19:12:10.708126,f4_adx,20.0,20.0,0.0,1e-06,PASS
2025-09-05T19:12:10.708126,f5_rsi,40.0,40.0,0.0,1e-06,PASS
2025-09-05T19:12:10.708940,prediction,0,0,0,1e-06,PASS
2025-09-05T19:12:10.708940,confidence,0.0,0.0,0.0,1e-06,PASS
2025-09-05T19:12:10.708940,signal,0,0,0,1e-06,PASS
2025-09-05T19:12:10.708940,neighbors_count,7,7,0,1e-06,PASS
2025-09-05T19:12:10.709978,f1_rsi,40.0,40.0,0.0,1e-06,PASS
2025-09-05T19:12:10.709978,f2_wt,-20.0,-20.0,0.0,1e-06,PASS
2025-09-05T19:12:10.709978,f3_cci,-100.0,-100.0,0.0,1e-06,PASS
2025-09-05T19:12:10.709978,f4_adx,20.0,20.0,0.0,1e-06,PASS
2025-09-05T19:12:10.709978,f5_rsi,40.0,40.0,0.0,1e-06,PASS
2025-09-05T19:12:10.709978,prediction,0,0,0,1e-06,PASS
2025-09-05T19:12:10.709978,confidence,0.0,0.0,0.0,1e-06,PASS
2025-09-05T19:12:10.709978,signal,0,0,0,1e-06,PASS
2025-09-05T19:12:10.709978,neighbors_count,8,8,0,1e-06,PASS
2025-09-05T19:12:10.713170,f1_rsi,40.0,40.0,0.0,1e-06,PASS
2025-09-05T19:12:10.713170,f2_wt,-20.0,-20.0,0.0,1e-06,PASS
2025-09-05T19:12:10.713170,f3_cci,-100.0,-100.0,0.0,1e-06,PASS
2025-09-05T19:12:10.713170,f4_adx,20.0,20.0,0.0,1e-06,PASS
2025-09-05T19:12:10.713170,f5_rsi,40.0,40.0,0.0,1e-06,PASS
2025-09-05T19:12:10.717216,prediction,0,0,0,1e-06,PASS
2025-09-05T19:12:10.717216,confidence,0.0,0.0,0.0,1e-06,PASS
2025-09-05T19:12:10.717216,signal,0,0,0,1e-06,PASS
2025-09-05T19:12:10.717216,neighbors_count,8,8,0,1e-06,PASS
2025-09-05T19:12:10.721573,f1_rsi,40.0,40.0,0.0,1e-06,PASS
2025-09-05T19:12:10.721573,f2_wt,-20.0,-20.0,0.0,1e-06,PASS
2025-09-05T19:12:10.721573,f3_cci,-100.0,-100.0,0.0,1e-06,PASS
2025-09-05T19:12:10.721573,f4_adx,20.0,20.0,0.0,1e-06,PASS
2025-09-05T19:12:10.721573,f5_rsi,40.0,40.0,0.0,1e-06,PASS
2025-09-05T19:12:10.721573,prediction,0,0,0,1e-06,PASS
2025-09-05T19:12:10.721573,confidence,0.0,0.0,0.0,1e-06,PASS
2025-09-05T19:12:10.721573,signal,0,0,0,1e-06,PASS
2025-09-05T19:12:10.721573,neighbors_count,8,8,0,1e-06,PASS
2025-09-05T19:12:10.723770,f1_rsi,40.0,40.0,0.0,1e-06,PASS
2025-09-05T19:12:10.723770,f2_wt,-20.0,-20.0,0.0,1e-06,PASS
2025-09-05T19:12:10.723770,f3_cci,-100.0,-100.0,0.0,1e-06,PASS
2025-09-05T19:12:10.723770,f4_adx,20.0,20.0,0.0,1e-06,PASS
2025-09-05T19:12:10.723770,f5_rsi,40.0,40.0,0.0,1e-06,PASS
2025-09-05T19:12:10.726187,prediction,0,0,0,1e-06,PASS
2025-09-05T19:12:10.726187,confidence,0.0,0.0,0.0,1e-06,PASS
2025-09-05T19:12:10.726187,signal,0,0,0,1e-06,PASS
2025-09-05T19:12:10.726187,neighbors_count,8,8,0,1e-06,PASS
2025-09-05T19:12:10.726187,f1_rsi,40.0,40.0,0.0,1e-06,PASS
2025-09-05T19:12:10.726187,f2_wt,-20.0,-20.0,0.0,1e-06,PASS
2025-09-05T19:12:10.726187,f3_cci,-100.0,-100.0,0.0,1e-06,PASS
2025-09-05T19:12:10.726187,f4_adx,20.0,20.0,0.0,1e-06,PASS
2025-09-05T19:12:10.726187,f5_rsi,40.0,40.0,0.0,1e-06,PASS
2025-09-05T19:12:10.729340,prediction,0,0,0,1e-06,PASS
2025-09-05T19:12:10.729340,confidence,0.0,0.0,0.0,1e-06,PASS
2025-09-05T19:12:10.729340,signal,0,0,0,1e-06,PASS
2025-09-05T19:12:10.729340,neighbors_count,8,8,0,1e-06,PASS
2025-09-05T19:12:10.737259,f1_rsi,40.0,40.0,0.0,1e-06,PASS
2025-09-05T19:12:10.737259,f2_wt,-20.0,-20.0,0.0,1e-06,PASS
2025-09-05T19:12:10.737259,f3_cci,-100.0,-100.0,0.0,1e-06,PASS
2025-09-05T19:12:10.737259,f4_adx,20.0,20.0,0.0,1e-06,PASS
2025-09-05T19:12:10.737259,f5_rsi,40.0,40.0,0.0,1e-06,PASS
2025-09-05T19:12:10.737259,prediction,0,0,0,1e-06,PASS
2025-09-05T19:12:10.737259,confidence,0.0,0.0,0.0,1e-06,PASS
2025-09-05T19:12:10.737259,signal,0,0,0,1e-06,PASS
2025-09-05T19:12:10.737259,neighbors_count,8,8,0,1e-06,PASS
2025-09-05T19:12:10.741720,f1_rsi,40.0,40.0,0.0,1e-06,PASS
2025-09-05T19:12:10.741720,f2_wt,-20.0,-20.0,0.0,1e-06,PASS
2025-09-05T19:12:10.741720,f3_cci,-100.0,-100.0,0.0,1e-06,PASS
2025-09-05T19:12:10.741720,f4_adx,20.0,20.0,0.0,1e-06,PASS
2025-09-05T19:12:10.741720,f5_rsi,40.0,40.0,0.0,1e-06,PASS
2025-09-05T19:12:10.741720,prediction,0,0,0,1e-06,PASS
2025-09-05T19:12:10.741720,confidence,0.0,0.0,0.0,1e-06,PASS
2025-09-05T19:12:10.741720,signal,0,0,0,1e-06,PASS
2025-09-05T19:12:10.741720,neighbors_count,8,8,0,1e-06,PASS
2025-09-05T19:12:10.743730,f1_rsi,40.0,40.0,0.0,1e-06,PASS
2025-09-05T19:12:10.743730,f2_wt,-20.0,-20.0,0.0,1e-06,PASS
2025-09-05T19:12:10.743730,f3_cci,-100.0,-100.0,0.0,1e-06,PASS
2025-09-05T19:12:10.743730,f4_adx,20.0,20.0,0.0,1e-06,PASS
2025-09-05T19:12:10.743730,f5_rsi,40.0,40.0,0.0,1e-06,PASS
2025-09-05T19:12:10.743730,prediction,0,0,0,1e-06,PASS
2025-09-05T19:12:10.743730,confidence,0.0,0.0,0.0,1e-06,PASS
2025-09-05T19:12:10.743730,signal,0,0,0,1e-06,PASS
2025-09-05T19:12:10.743730,neighbors_count,8,8,0,1e-06,PASS
2025-09-05T19:12:10.745739,f1_rsi,40.0,40.0,0.0,1e-06,PASS
2025-09-05T19:12:10.745739,f2_wt,-20.0,-20.0,0.0,1e-06,PASS
2025-09-05T19:12:10.745739,f3_cci,-100.0,-100.0,0.0,1e-06,PASS
2025-09-05T19:12:10.745739,f4_adx,20.0,20.0,0.0,1e-06,PASS
2025-09-05T19:12:10.745739,f5_rsi,40.0,40.0,0.0,1e-06,PASS
2025-09-05T19:12:10.751775,prediction,0,0,0,1e-06,PASS
2025-09-05T19:12:10.751775,confidence,0.0,0.0,0.0,1e-06,PASS
2025-09-05T19:12:10.751775,signal,0,0,0,1e-06,PASS
2025-09-05T19:12:10.751775,neighbors_count,8,8,0,1e-06,PASS
2025-09-05T19:12:10.753287,f1_rsi,40.0,40.0,0.0,1e-06,PASS
2025-09-05T19:12:10.753287,f2_wt,-20.0,-20.0,0.0,1e-06,PASS
2025-09-05T19:12:10.753287,f3_cci,-100.0,-100.0,0.0,1e-06,PASS
2025-09-05T19:12:10.753287,f4_adx,20.0,20.0,0.0,1e-06,PASS
2025-09-05T19:12:10.753287,f5_rsi,40.0,40.0,0.0,1e-06,PASS
2025-09-05T19:12:10.754733,prediction,0,0,0,1e-06,PASS
2025-09-05T19:12:10.754733,confidence,0.0,0.0,0.0,1e-06,PASS
2025-09-05T19:12:10.754733,signal,0,0,0,1e-06,PASS
2025-09-05T19:12:10.754733,neighbors_count,8,8,0,1e-06,PASS
2025-09-05T19:12:10.756074,f1_rsi,40.0,40.0,0.0,1e-06,PASS
2025-09-05T19:12:10.756074,f2_wt,-20.0,-20.0,0.0,1e-06,PASS
2025-09-05T19:12:10.756074,f3_cci,-100.0,-100.0,0.0,1e-06,PASS
2025-09-05T19:12:10.756074,f4_adx,20.0,20.0,0.0,1e-06,PASS
2025-09-05T19:12:10.756074,f5_rsi,40.0,40.0,0.0,1e-06,PASS
2025-09-05T19:12:10.757346,prediction,0,0,0,1e-06,PASS
2025-09-05T19:12:10.757346,confidence,0.0,0.0,0.0,1e-06,PASS
2025-09-05T19:12:10.757346,signal,0,0,0,1e-06,PASS
2025-09-05T19:12:10.757346,neighbors_count,8,8,0,1e-06,PASS
2025-09-05T19:12:10.759192,f1_rsi,40.0,40.0,0.0,1e-06,PASS
2025-09-05T19:12:10.759192,f2_wt,-20.0,-20.0,0.0,1e-06,PASS
2025-09-05T19:12:10.759192,f3_cci,-100.0,-100.0,0.0,1e-06,PASS
2025-09-05T19:12:10.759192,f4_adx,20.0,20.0,0.0,1e-06,PASS
2025-09-05T19:12:10.759192,f5_rsi,40.0,40.0,0.0,1e-06,PASS
2025-09-05T19:12:10.761202,prediction,0,0,0,1e-06,PASS
2025-09-05T19:12:10.761202,confidence,0.0,0.0,0.0,1e-06,PASS
2025-09-05T19:12:10.761202,signal,0,0,0,1e-06,PASS
2025-09-05T19:12:10.761202,neighbors_count,8,8,0,1e-06,PASS
2025-09-05T19:12:10.761202,f1_rsi,40.0,40.0,0.0,1e-06,PASS
2025-09-05T19:12:10.761202,f2_wt,-20.0,-20.0,0.0,1e-06,PASS
2025-09-05T19:12:10.761202,f3_cci,-100.0,-100.0,0.0,1e-06,PASS
2025-09-05T19:12:10.761202,f4_adx,20.0,20.0,0.0,1e-06,PASS
2025-09-05T19:12:10.761202,f5_rsi,40.0,40.0,0.0,1e-06,PASS
2025-09-05T19:12:10.761202,prediction,0,0,0,1e-06,PASS
2025-09-05T19:12:10.761202,confidence,0.0,0.0,0.0,1e-06,PASS
2025-09-05T19:12:10.761202,signal,0,0,0,1e-06,PASS
2025-09-05T19:12:10.761202,neighbors_count,8,8,0,1e-06,PASS
2025-09-05T19:12:10.768538,f1_rsi,40.0,40.0,0.0,1e-06,PASS
2025-09-05T19:12:10.768538,f2_wt,-20.0,-20.0,0.0,1e-06,PASS
2025-09-05T19:12:10.768538,f3_cci,-100.0,-100.0,0.0,1e-06,PASS
2025-09-05T19:12:10.768538,f4_adx,20.0,20.0,0.0,1e-06,PASS
2025-09-05T19:12:10.768538,f5_rsi,40.0,40.0,0.0,1e-06,PASS
2025-09-05T19:12:10.770559,prediction,0,0,0,1e-06,PASS
2025-09-05T19:12:10.770559,confidence,0.0,0.0,0.0,1e-06,PASS
2025-09-05T19:12:10.770559,signal,0,0,0,1e-06,PASS
2025-09-05T19:12:10.770559,neighbors_count,8,8,0,1e-06,PASS
2025-09-05T19:12:10.770559,f1_rsi,40.0,40.0,0.0,1e-06,PASS
2025-09-05T19:12:10.770559,f2_wt,-20.0,-20.0,0.0,1e-06,PASS
2025-09-05T19:12:10.770559,f3_cci,-100.0,-100.0,0.0,1e-06,PASS
2025-09-05T19:12:10.770559,f4_adx,20.0,20.0,0.0,1e-06,PASS
2025-09-05T19:12:10.770559,f5_rsi,40.0,40.0,0.0,1e-06,PASS
2025-09-05T19:12:10.774312,prediction,0,0,0,1e-06,PASS
2025-09-05T19:12:10.774312,confidence,0.0,0.0,0.0,1e-06,PASS
2025-09-05T19:12:10.774312,signal,0,0,0,1e-06,PASS
2025-09-05T19:12:10.774312,neighbors_count,8,8,0,1e-06,PASS
2025-09-05T19:12:10.776181,f1_rsi,40.0,40.0,0.0,1e-06,PASS
2025-09-05T19:12:10.776181,f2_wt,-20.0,-20.0,0.0,1e-06,PASS
2025-09-05T19:12:10.776181,f3_cci,-100.0,-100.0,0.0,1e-06,PASS
2025-09-05T19:12:10.776181,f4_adx,20.0,20.0,0.0,1e-06,PASS
2025-09-05T19:12:10.776181,f5_rsi,40.0,40.0,0.0,1e-06,PASS
2025-09-05T19:12:10.776181,prediction,0,0,0,1e-06,PASS
2025-09-05T19:12:10.776181,confidence,0.0,0.0,0.0,1e-06,PASS
2025-09-05T19:12:10.776181,signal,0,0,0,1e-06,PASS
2025-09-05T19:12:10.776181,neighbors_count,8,8,0,1e-06,PASS
2025-09-05T19:12:10.776181,f1_rsi,40.0,40.0,0.0,1e-06,PASS
2025-09-05T19:12:10.776181,f2_wt,-20.0,-20.0,0.0,1e-06,PASS
2025-09-05T19:12:10.776181,f3_cci,-100.0,-100.0,0.0,1e-06,PASS
2025-09-05T19:12:10.776181,f4_adx,20.0,20.0,0.0,1e-06,PASS
2025-09-05T19:12:10.776181,f5_rsi,40.0,40.0,0.0,1e-06,PASS
2025-09-05T19:12:10.776181,prediction,0,0,0,1e-06,PASS
2025-09-05T19:12:10.776181,confidence,0.0,0.0,0.0,1e-06,PASS
2025-09-05T19:12:10.776181,signal,0,0,0,1e-06,PASS
2025-09-05T19:12:10.776181,neighbors_count,8,8,0,1e-06,PASS
2025-09-05T19:12:10.781819,f1_rsi,40.0,40.0,0.0,1e-06,PASS
2025-09-05T19:12:10.781819,f2_wt,-20.0,-20.0,0.0,1e-06,PASS
2025-09-05T19:12:10.781819,f3_cci,-100.0,-100.0,0.0,1e-06,PASS
2025-09-05T19:12:10.781819,f4_adx,20.0,20.0,0.0,1e-06,PASS
2025-09-05T19:12:10.781819,f5_rsi,40.0,40.0,0.0,1e-06,PASS
2025-09-05T19:12:10.785843,prediction,0,0,0,1e-06,PASS
2025-09-05T19:12:10.785843,confidence,0.0,0.0,0.0,1e-06,PASS
2025-09-05T19:12:10.785843,signal,0,0,0,1e-06,PASS
2025-09-05T19:12:10.785843,neighbors_count,8,8,0,1e-06,PASS
2025-09-05T19:12:10.786412,f1_rsi,40.0,40.0,0.0,1e-06,PASS
2025-09-05T19:12:10.786412,f2_wt,-20.0,-20.0,0.0,1e-06,PASS
2025-09-05T19:12:10.786412,f3_cci,-100.0,-100.0,0.0,1e-06,PASS
2025-09-05T19:12:10.786412,f4_adx,20.0,20.0,0.0,1e-06,PASS
2025-09-05T19:12:10.786412,f5_rsi,40.0,40.0,0.0,1e-06,PASS
2025-09-05T19:12:10.789130,prediction,0,0,0,1e-06,PASS
2025-09-05T19:12:10.789130,confidence,0.0,0.0,0.0,1e-06,PASS
2025-09-05T19:12:10.789130,signal,0,0,0,1e-06,PASS
2025-09-05T19:12:10.789130,neighbors_count,8,8,0,1e-06,PASS
2025-09-05T19:12:10.791138,f1_rsi,40.0,40.0,0.0,1e-06,PASS
2025-09-05T19:12:10.791138,f2_wt,-20.0,-20.0,0.0,1e-06,PASS
2025-09-05T19:12:10.791138,f3_cci,-100.0,-100.0,0.0,1e-06,PASS
2025-09-05T19:12:10.791138,f4_adx,20.0,20.0,0.0,1e-06,PASS
2025-09-05T19:12:10.791138,f5_rsi,40.0,40.0,0.0,1e-06,PASS
2025-09-05T19:12:10.791138,prediction,0,0,0,1e-06,PASS
2025-09-05T19:12:10.791138,confidence,0.0,0.0,0.0,1e-06,PASS
2025-09-05T19:12:10.791138,signal,0,0,0,1e-06,PASS
2025-09-05T19:12:10.791138,neighbors_count,8,8,0,1e-06,PASS
2025-09-05T19:12:10.793146,f1_rsi,40.0,40.0,0.0,1e-06,PASS
2025-09-05T19:12:10.793146,f2_wt,-20.0,-20.0,0.0,1e-06,PASS
2025-09-05T19:12:10.793146,f3_cci,-100.0,-100.0,0.0,1e-06,PASS
2025-09-05T19:12:10.793146,f4_adx,20.0,20.0,0.0,1e-06,PASS
2025-09-05T19:12:10.793146,f5_rsi,40.0,40.0,0.0,1e-06,PASS
2025-09-05T19:12:10.793146,prediction,0,0,0,1e-06,PASS
2025-09-05T19:12:10.793146,confidence,0.0,0.0,0.0,1e-06,PASS
2025-09-05T19:12:10.793146,signal,0,0,0,1e-06,PASS
2025-09-05T19:12:10.793146,neighbors_count,8,8,0,1e-06,PASS
2025-09-05T19:12:10.795155,f1_rsi,40.0,40.0,0.0,1e-06,PASS
2025-09-05T19:12:10.795155,f2_wt,-20.0,-20.0,0.0,1e-06,PASS
2025-09-05T19:12:10.795155,f3_cci,-100.0,-100.0,0.0,1e-06,PASS
2025-09-05T19:12:10.795155,f4_adx,20.0,20.0,0.0,1e-06,PASS
2025-09-05T19:12:10.795155,f5_rsi,40.0,40.0,0.0,1e-06,PASS
2025-09-05T19:12:10.795155,prediction,0,0,0,1e-06,PASS
2025-09-05T19:12:10.795155,confidence,0.0,0.0,0.0,1e-06,PASS
2025-09-05T19:12:10.795155,signal,0,0,0,1e-06,PASS
2025-09-05T19:12:10.795155,neighbors_count,8,8,0,1e-06,PASS
2025-09-05T19:12:10.800635,f1_rsi,40.0,40.0,0.0,1e-06,PASS
2025-09-05T19:12:10.800635,f2_wt,-20.0,-20.0,0.0,1e-06,PASS
2025-09-05T19:12:10.800635,f3_cci,-100.0,-100.0,0.0,1e-06,PASS
2025-09-05T19:12:10.800635,f4_adx,20.0,20.0,0.0,1e-06,PASS
2025-09-05T19:12:10.800635,f5_rsi,40.0,40.0,0.0,1e-06,PASS
2025-09-05T19:12:10.803915,prediction,0,0,0,1e-06,PASS
2025-09-05T19:12:10.803915,confidence,0.0,0.0,0.0,1e-06,PASS
2025-09-05T19:12:10.803915,signal,0,0,0,1e-06,PASS
2025-09-05T19:12:10.803915,neighbors_count,8,8,0,1e-06,PASS
2025-09-05T19:12:10.803915,f1_rsi,40.0,40.0,0.0,1e-06,PASS
2025-09-05T19:12:10.803915,f2_wt,-20.0,-20.0,0.0,1e-06,PASS
2025-09-05T19:12:10.803915,f3_cci,-100.0,-100.0,0.0,1e-06,PASS
2025-09-05T19:12:10.803915,f4_adx,20.0,20.0,0.0,1e-06,PASS
2025-09-05T19:12:10.803915,f5_rsi,40.0,40.0,0.0,1e-06,PASS
2025-09-05T19:12:10.803915,prediction,0,0,0,1e-06,PASS
2025-09-05T19:12:10.803915,confidence,0.0,0.0,0.0,1e-06,PASS
2025-09-05T19:12:10.803915,signal,0,0,0,1e-06,PASS
2025-09-05T19:12:10.803915,neighbors_count,8,8,0,1e-06,PASS
2025-09-05T19:12:10.803915,f1_rsi,40.0,40.0,0.0,1e-06,PASS
2025-09-05T19:12:10.803915,f2_wt,-20.0,-20.0,0.0,1e-06,PASS
2025-09-05T19:12:10.803915,f3_cci,-100.0,-100.0,0.0,1e-06,PASS
2025-09-05T19:12:10.803915,f4_adx,20.0,20.0,0.0,1e-06,PASS
2025-09-05T19:12:10.803915,f5_rsi,40.0,40.0,0.0,1e-06,PASS
2025-09-05T19:12:10.809141,prediction,0,0,0,1e-06,PASS
2025-09-05T19:12:10.809141,confidence,0.0,0.0,0.0,1e-06,PASS
2025-09-05T19:12:10.809141,signal,0,0,0,1e-06,PASS
2025-09-05T19:12:10.809141,neighbors_count,8,8,0,1e-06,PASS
2025-09-05T19:12:10.809141,f1_rsi,40.0,40.0,0.0,1e-06,PASS
2025-09-05T19:12:10.809141,f2_wt,-20.0,-20.0,0.0,1e-06,PASS
2025-09-05T19:12:10.809141,f3_cci,-100.0,-100.0,0.0,1e-06,PASS
2025-09-05T19:12:10.809141,f4_adx,20.0,20.0,0.0,1e-06,PASS
2025-09-05T19:12:10.809141,f5_rsi,40.0,40.0,0.0,1e-06,PASS
2025-09-05T19:12:10.809141,prediction,0,0,0,1e-06,PASS
2025-09-05T19:12:10.809141,confidence,0.0,0.0,0.0,1e-06,PASS
2025-09-05T19:12:10.809141,signal,0,0,0,1e-06,PASS
2025-09-05T19:12:10.809141,neighbors_count,8,8,0,1e-06,PASS
2025-09-05T19:12:10.813003,f1_rsi,40.0,40.0,0.0,1e-06,PASS
2025-09-05T19:12:10.813003,f2_wt,-20.0,-20.0,0.0,1e-06,PASS
2025-09-05T19:12:10.813003,f3_cci,-100.0,-100.0,0.0,1e-06,PASS
2025-09-05T19:12:10.813003,f4_adx,20.0,20.0,0.0,1e-06,PASS
2025-09-05T19:12:10.813003,f5_rsi,40.0,40.0,0.0,1e-06,PASS
2025-09-05T19:12:10.820654,prediction,0,0,0,1e-06,PASS
2025-09-05T19:12:10.820654,confidence,0.0,0.0,0.0,1e-06,PASS
2025-09-05T19:12:10.820654,signal,0,0,0,1e-06,PASS
2025-09-05T19:12:10.820654,neighbors_count,8,8,0,1e-06,PASS
2025-09-05T19:12:10.821663,f1_rsi,40.0,40.0,0.0,1e-06,PASS
2025-09-05T19:12:10.821663,f2_wt,-20.0,-20.0,0.0,1e-06,PASS
2025-09-05T19:12:10.821663,f3_cci,-100.0,-100.0,0.0,1e-06,PASS
2025-09-05T19:12:10.821663,f4_adx,20.0,20.0,0.0,1e-06,PASS
2025-09-05T19:12:10.821663,f5_rsi,40.0,40.0,0.0,1e-06,PASS
2025-09-05T19:12:10.823820,prediction,0,0,0,1e-06,PASS
2025-09-05T19:12:10.823820,confidence,0.0,0.0,0.0,1e-06,PASS
2025-09-05T19:12:10.823820,signal,0,0,0,1e-06,PASS
2025-09-05T19:12:10.823820,neighbors_count,8,8,0,1e-06,PASS
2025-09-05T19:12:10.823820,f1_rsi,40.0,40.0,0.0,1e-06,PASS
2025-09-05T19:12:10.823820,f2_wt,-20.0,-20.0,0.0,1e-06,PASS
2025-09-05T19:12:10.823820,f3_cci,-100.0,-100.0,0.0,1e-06,PASS
2025-09-05T19:12:10.823820,f4_adx,20.0,20.0,0.0,1e-06,PASS
2025-09-05T19:12:10.823820,f5_rsi,40.0,40.0,0.0,1e-06,PASS
2025-09-05T19:12:10.825831,prediction,0,0,0,1e-06,PASS
2025-09-05T19:12:10.825831,confidence,0.0,0.0,0.0,1e-06,PASS
2025-09-05T19:12:10.825831,signal,0,0,0,1e-06,PASS
2025-09-05T19:12:10.825831,neighbors_count,8,8,0,1e-06,PASS
2025-09-05T19:12:10.828702,f1_rsi,40.0,40.0,0.0,1e-06,PASS
2025-09-05T19:12:10.828702,f2_wt,-20.0,-20.0,0.0,1e-06,PASS
2025-09-05T19:12:10.828702,f3_cci,-100.0,-100.0,0.0,1e-06,PASS
2025-09-05T19:12:10.828702,f4_adx,20.0,20.0,0.0,1e-06,PASS
2025-09-05T19:12:10.828702,f5_rsi,40.0,40.0,0.0,1e-06,PASS
2025-09-05T19:12:10.834280,prediction,0,0,0,1e-06,PASS
2025-09-05T19:12:10.834280,confidence,0.0,0.0,0.0,1e-06,PASS
2025-09-05T19:12:10.834280,signal,0,0,0,1e-06,PASS
2025-09-05T19:12:10.834280,neighbors_count,8,8,0,1e-06,PASS
2025-09-05T19:12:10.836293,f1_rsi,40.0,40.0,0.0,1e-06,PASS
2025-09-05T19:12:10.836293,f2_wt,-20.0,-20.0,0.0,1e-06,PASS
2025-09-05T19:12:10.836293,f3_cci,-100.0,-100.0,0.0,1e-06,PASS
2025-09-05T19:12:10.836293,f4_adx,20.0,20.0,0.0,1e-06,PASS
2025-09-05T19:12:10.836293,f5_rsi,40.0,40.0,0.0,1e-06,PASS
2025-09-05T19:12:10.836293,prediction,0,0,0,1e-06,PASS
2025-09-05T19:12:10.836293,confidence,0.0,0.0,0.0,1e-06,PASS
2025-09-05T19:12:10.836293,signal,0,0,0,1e-06,PASS
2025-09-05T19:12:10.836293,neighbors_count,8,8,0,1e-06,PASS
2025-09-05T19:12:10.840453,f1_rsi,40.0,40.0,0.0,1e-06,PASS
2025-09-05T19:12:10.840453,f2_wt,-20.0,-20.0,0.0,1e-06,PASS
2025-09-05T19:12:10.840453,f3_cci,-100.0,-100.0,0.0,1e-06,PASS
2025-09-05T19:12:10.840453,f4_adx,20.0,20.0,0.0,1e-06,PASS
2025-09-05T19:12:10.840453,f5_rsi,40.0,40.0,0.0,1e-06,PASS
2025-09-05T19:12:10.844478,prediction,0,0,0,1e-06,PASS
2025-09-05T19:12:10.844478,confidence,0.0,0.0,0.0,1e-06,PASS
2025-09-05T19:12:10.844478,signal,0,0,0,1e-06,PASS
2025-09-05T19:12:10.844478,neighbors_count,8,8,0,1e-06,PASS
2025-09-05T19:12:10.845994,f1_rsi,40.0,40.0,0.0,1e-06,PASS
2025-09-05T19:12:10.845994,f2_wt,-20.0,-20.0,0.0,1e-06,PASS
2025-09-05T19:12:10.845994,f3_cci,-100.0,-100.0,0.0,1e-06,PASS
2025-09-05T19:12:10.845994,f4_adx,20.0,20.0,0.0,1e-06,PASS
2025-09-05T19:12:10.845994,f5_rsi,40.0,40.0,0.0,1e-06,PASS
2025-09-05T19:12:10.852719,prediction,0,0,0,1e-06,PASS
2025-09-05T19:12:10.852719,confidence,0.0,0.0,0.0,1e-06,PASS
2025-09-05T19:12:10.852719,signal,0,0,0,1e-06,PASS
2025-09-05T19:12:10.852719,neighbors_count,8,8,0,1e-06,PASS
2025-09-05T19:12:10.856924,f1_rsi,40.0,40.0,0.0,1e-06,PASS
2025-09-05T19:12:10.856924,f2_wt,-20.0,-20.0,0.0,1e-06,PASS
2025-09-05T19:12:10.856924,f3_cci,-100.0,-100.0,0.0,1e-06,PASS
2025-09-05T19:12:10.856924,f4_adx,20.0,20.0,0.0,1e-06,PASS
2025-09-05T19:12:10.856924,f5_rsi,40.0,40.0,0.0,1e-06,PASS
2025-09-05T19:12:10.858934,prediction,0,0,0,1e-06,PASS
2025-09-05T19:12:10.858934,confidence,0.0,0.0,0.0,1e-06,PASS
2025-09-05T19:12:10.858934,signal,0,0,0,1e-06,PASS
2025-09-05T19:12:10.858934,neighbors_count,8,8,0,1e-06,PASS
2025-09-05T19:12:10.860943,f1_rsi,40.0,40.0,0.0,1e-06,PASS
2025-09-05T19:12:10.860943,f2_wt,-20.0,-20.0,0.0,1e-06,PASS
2025-09-05T19:12:10.860943,f3_cci,-100.0,-100.0,0.0,1e-06,PASS
2025-09-05T19:12:10.860943,f4_adx,20.0,20.0,0.0,1e-06,PASS
2025-09-05T19:12:10.860943,f5_rsi,40.0,40.0,0.0,1e-06,PASS
2025-09-05T19:12:10.871337,prediction,0,0,0,1e-06,PASS
2025-09-05T19:12:10.871337,confidence,0.0,0.0,0.0,1e-06,PASS
2025-09-05T19:12:10.871337,signal,0,0,0,1e-06,PASS
2025-09-05T19:12:10.871337,neighbors_count,8,8,0,1e-06,PASS
2025-09-05T19:12:10.873349,f1_rsi,40.0,40.0,0.0,1e-06,PASS
2025-09-05T19:12:10.873349,f2_wt,-20.0,-20.0,0.0,1e-06,PASS
2025-09-05T19:12:10.873349,f3_cci,-100.0,-100.0,0.0,1e-06,PASS
2025-09-05T19:12:10.873349,f4_adx,20.0,20.0,0.0,1e-06,PASS
2025-09-05T19:12:10.873349,f5_rsi,40.0,40.0,0.0,1e-06,PASS
2025-09-05T19:12:10.875359,prediction,0,0,0,1e-06,PASS
2025-09-05T19:12:10.875359,confidence,0.0,0.0,0.0,1e-06,PASS
2025-09-05T19:12:10.875359,signal,0,0,0,1e-06,PASS
2025-09-05T19:12:10.875359,neighbors_count,8,8,0,1e-06,PASS
2025-09-05T19:12:10.877368,f1_rsi,40.0,40.0,0.0,1e-06,PASS
2025-09-05T19:12:10.877368,f2_wt,-20.0,-20.0,0.0,1e-06,PASS
2025-09-05T19:12:10.877368,f3_cci,-100.0,-100.0,0.0,1e-06,PASS
2025-09-05T19:12:10.877368,f4_adx,20.0,20.0,0.0,1e-06,PASS
2025-09-05T19:12:10.877368,f5_rsi,40.0,40.0,0.0,1e-06,PASS
2025-09-05T19:12:10.885799,prediction,0,0,0,1e-06,PASS
2025-09-05T19:12:10.885799,confidence,0.0,0.0,0.0,1e-06,PASS
2025-09-05T19:12:10.885799,signal,0,0,0,1e-06,PASS
2025-09-05T19:12:10.885799,neighbors_count,8,8,0,1e-06,PASS
2025-09-05T19:12:10.888494,f1_rsi,40.0,40.0,0.0,1e-06,PASS
2025-09-05T19:12:10.888494,f2_wt,-20.0,-20.0,0.0,1e-06,PASS
2025-09-05T19:12:10.888494,f3_cci,-100.0,-100.0,0.0,1e-06,PASS
2025-09-05T19:12:10.888494,f4_adx,20.0,20.0,0.0,1e-06,PASS
2025-09-05T19:12:10.888494,f5_rsi,40.0,40.0,0.0,1e-06,PASS
2025-09-05T19:12:10.889911,prediction,0,0,0,1e-06,PASS
2025-09-05T19:12:10.889911,confidence,0.0,0.0,0.0,1e-06,PASS
2025-09-05T19:12:10.889911,signal,0,0,0,1e-06,PASS
2025-09-05T19:12:10.889911,neighbors_count,8,8,0,1e-06,PASS
2025-09-05T19:12:10.891923,f1_rsi,40.0,40.0,0.0,1e-06,PASS
2025-09-05T19:12:10.891923,f2_wt,-20.0,-20.0,0.0,1e-06,PASS
2025-09-05T19:12:10.891923,f3_cci,-100.0,-100.0,0.0,1e-06,PASS
2025-09-05T19:12:10.891923,f4_adx,20.0,20.0,0.0,1e-06,PASS
2025-09-05T19:12:10.891923,f5_rsi,40.0,40.0,0.0,1e-06,PASS
2025-09-05T19:12:10.894168,prediction,0,0,0,1e-06,PASS
2025-09-05T19:12:10.894168,confidence,0.0,0.0,0.0,1e-06,PASS
2025-09-05T19:12:10.894168,signal,0,0,0,1e-06,PASS
2025-09-05T19:12:10.894168,neighbors_count,8,8,0,1e-06,PASS
2025-09-05T19:12:10.894168,f1_rsi,40.0,40.0,0.0,1e-06,PASS
2025-09-05T19:12:10.894168,f2_wt,-20.0,-20.0,0.0,1e-06,PASS
2025-09-05T19:12:10.894168,f3_cci,-100.0,-100.0,0.0,1e-06,PASS
2025-09-05T19:12:10.894168,f4_adx,20.0,20.0,0.0,1e-06,PASS
2025-09-05T19:12:10.894168,f5_rsi,40.0,40.0,0.0,1e-06,PASS
2025-09-05T19:12:10.900489,prediction,0,0,0,1e-06,PASS
2025-09-05T19:12:10.900489,confidence,0.0,0.0,0.0,1e-06,PASS
2025-09-05T19:12:10.900489,signal,0,0,0,1e-06,PASS
2025-09-05T19:12:10.900489,neighbors_count,8,8,0,1e-06,PASS
2025-09-05T19:12:10.904105,f1_rsi,40.0,40.0,0.0,1e-06,PASS
2025-09-05T19:12:10.904105,f2_wt,-20.0,-20.0,0.0,1e-06,PASS
2025-09-05T19:12:10.904105,f3_cci,-100.0,-100.0,0.0,1e-06,PASS
2025-09-05T19:12:10.904105,f4_adx,20.0,20.0,0.0,1e-06,PASS
2025-09-05T19:12:10.904105,f5_rsi,40.0,40.0,0.0,1e-06,PASS
2025-09-05T19:12:10.904105,prediction,0,0,0,1e-06,PASS
2025-09-05T19:12:10.904105,confidence,0.0,0.0,0.0,1e-06,PASS
2025-09-05T19:12:10.904105,signal,0,0,0,1e-06,PASS
2025-09-05T19:12:10.904105,neighbors_count,8,8,0,1e-06,PASS
2025-09-05T19:12:10.906660,f1_rsi,40.0,40.0,0.0,1e-06,PASS
2025-09-05T19:12:10.906660,f2_wt,-20.0,-20.0,0.0,1e-06,PASS
2025-09-05T19:12:10.906660,f3_cci,-100.0,-100.0,0.0,1e-06,PASS
2025-09-05T19:12:10.906660,f4_adx,20.0,20.0,0.0,1e-06,PASS
2025-09-05T19:12:10.906660,f5_rsi,40.0,40.0,0.0,1e-06,PASS
2025-09-05T19:12:10.906660,prediction,0,0,0,1e-06,PASS
2025-09-05T19:12:10.906660,confidence,0.0,0.0,0.0,1e-06,PASS
2025-09-05T19:12:10.906660,signal,0,0,0,1e-06,PASS
2025-09-05T19:12:10.906660,neighbors_count,8,8,0,1e-06,PASS
2025-09-05T19:12:10.909308,f1_rsi,40.0,40.0,0.0,1e-06,PASS
2025-09-05T19:12:10.909308,f2_wt,-20.0,-20.0,0.0,1e-06,PASS
2025-09-05T19:12:10.909308,f3_cci,-100.0,-100.0,0.0,1e-06,PASS
2025-09-05T19:12:10.909308,f4_adx,20.0,20.0,0.0,1e-06,PASS
2025-09-05T19:12:10.909308,f5_rsi,40.0,40.0,0.0,1e-06,PASS
2025-09-05T19:12:10.909308,prediction,0,0,0,1e-06,PASS
2025-09-05T19:12:10.909308,confidence,0.0,0.0,0.0,1e-06,PASS
2025-09-05T19:12:10.909308,signal,0,0,0,1e-06,PASS
2025-09-05T19:12:10.909308,neighbors_count,8,8,0,1e-06,PASS
2025-09-05T19:12:10.912954,f1_rsi,40.0,40.0,0.0,1e-06,PASS
2025-09-05T19:12:10.912954,f2_wt,-20.0,-20.0,0.0,1e-06,PASS
2025-09-05T19:12:10.912954,f3_cci,-100.0,-100.0,0.0,1e-06,PASS
2025-09-05T19:12:10.912954,f4_adx,20.0,20.0,0.0,1e-06,PASS
2025-09-05T19:12:10.912954,f5_rsi,40.0,40.0,0.0,1e-06,PASS
2025-09-05T19:12:10.916998,prediction,0,0,0,1e-06,PASS
2025-09-05T19:12:10.916998,confidence,0.0,0.0,0.0,1e-06,PASS
2025-09-05T19:12:10.916998,signal,0,0,0,1e-06,PASS
2025-09-05T19:12:10.916998,neighbors_count,8,8,0,1e-06,PASS
2025-09-05T19:12:10.919476,f1_rsi,40.0,40.0,0.0,1e-06,PASS
2025-09-05T19:12:10.919476,f2_wt,-20.0,-20.0,0.0,1e-06,PASS
2025-09-05T19:12:10.919476,f3_cci,-100.0,-100.0,0.0,1e-06,PASS
2025-09-05T19:12:10.919476,f4_adx,20.0,20.0,0.0,1e-06,PASS
2025-09-05T19:12:10.919476,f5_rsi,40.0,40.0,0.0,1e-06,PASS
2025-09-05T19:12:10.923227,prediction,0,0,0,1e-06,PASS
2025-09-05T19:12:10.923227,confidence,0.0,0.0,0.0,1e-06,PASS
2025-09-05T19:12:10.923227,signal,0,0,0,1e-06,PASS
2025-09-05T19:12:10.923227,neighbors_count,8,8,0,1e-06,PASS
2025-09-05T19:12:10.924546,f1_rsi,40.0,40.0,0.0,1e-06,PASS
2025-09-05T19:12:10.924546,f2_wt,-20.0,-20.0,0.0,1e-06,PASS
2025-09-05T19:12:10.924546,f3_cci,-100.0,-100.0,0.0,1e-06,PASS
2025-09-05T19:12:10.924546,f4_adx,20.0,20.0,0.0,1e-06,PASS
2025-09-05T19:12:10.924546,f5_rsi,40.0,40.0,0.0,1e-06,PASS
2025-09-05T19:12:10.926554,prediction,0,0,0,1e-06,PASS
2025-09-05T19:12:10.926554,confidence,0.0,0.0,0.0,1e-06,PASS
2025-09-05T19:12:10.926554,signal,0,0,0,1e-06,PASS
2025-09-05T19:12:10.926554,neighbors_count,8,8,0,1e-06,PASS
2025-09-05T19:12:10.926554,f1_rsi,40.0,40.0,0.0,1e-06,PASS
2025-09-05T19:12:10.926554,f2_wt,-20.0,-20.0,0.0,1e-06,PASS
2025-09-05T19:12:10.926554,f3_cci,-100.0,-100.0,0.0,1e-06,PASS
2025-09-05T19:12:10.926554,f4_adx,20.0,20.0,0.0,1e-06,PASS
2025-09-05T19:12:10.926554,f5_rsi,40.0,40.0,0.0,1e-06,PASS
2025-09-05T19:12:10.928561,prediction,0,0,0,1e-06,PASS
2025-09-05T19:12:10.928561,confidence,0.0,0.0,0.0,1e-06,PASS
2025-09-05T19:12:10.928561,signal,0,0,0,1e-06,PASS
2025-09-05T19:12:10.928561,neighbors_count,8,8,0,1e-06,PASS
2025-09-05T19:12:10.932577,f1_rsi,40.0,40.0,0.0,1e-06,PASS
2025-09-05T19:12:10.932577,f2_wt,-20.0,-20.0,0.0,1e-06,PASS
2025-09-05T19:12:10.932577,f3_cci,-100.0,-100.0,0.0,1e-06,PASS
2025-09-05T19:12:10.932577,f4_adx,20.0,20.0,0.0,1e-06,PASS
2025-09-05T19:12:10.932577,f5_rsi,40.0,40.0,0.0,1e-06,PASS
2025-09-05T19:12:10.937222,prediction,0,0,0,1e-06,PASS
2025-09-05T19:12:10.937222,confidence,0.0,0.0,0.0,1e-06,PASS
2025-09-05T19:12:10.937222,signal,0,0,0,1e-06,PASS
2025-09-05T19:12:10.937222,neighbors_count,8,8,0,1e-06,PASS
2025-09-05T19:12:10.938971,f1_rsi,40.0,40.0,0.0,1e-06,PASS
2025-09-05T19:12:10.938971,f2_wt,-20.0,-20.0,0.0,1e-06,PASS
2025-09-05T19:12:10.938971,f3_cci,-100.0,-100.0,0.0,1e-06,PASS
2025-09-05T19:12:10.938971,f4_adx,20.0,20.0,0.0,1e-06,PASS
2025-09-05T19:12:10.938971,f5_rsi,40.0,40.0,0.0,1e-06,PASS
2025-09-05T19:12:10.938971,prediction,0,0,0,1e-06,PASS
2025-09-05T19:12:10.938971,confidence,0.0,0.0,0.0,1e-06,PASS
2025-09-05T19:12:10.938971,signal,0,0,0,1e-06,PASS
2025-09-05T19:12:10.938971,neighbors_count,8,8,0,1e-06,PASS
2025-09-05T19:12:10.938971,f1_rsi,40.0,40.0,0.0,1e-06,PASS
2025-09-05T19:12:10.938971,f2_wt,-20.0,-20.0,0.0,1e-06,PASS
2025-09-05T19:12:10.938971,f3_cci,-100.0,-100.0,0.0,1e-06,PASS
2025-09-05T19:12:10.938971,f4_adx,20.0,20.0,0.0,1e-06,PASS
2025-09-05T19:12:10.938971,f5_rsi,40.0,40.0,0.0,1e-06,PASS
2025-09-05T19:12:10.938971,prediction,0,0,0,1e-06,PASS
2025-09-05T19:12:10.938971,confidence,0.0,0.0,0.0,1e-06,PASS
2025-09-05T19:12:10.938971,signal,0,0,0,1e-06,PASS
2025-09-05T19:12:10.938971,neighbors_count,8,8,0,1e-06,PASS
2025-09-05T19:12:10.945099,f1_rsi,40.0,40.0,0.0,1e-06,PASS
2025-09-05T19:12:10.945099,f2_wt,-20.0,-20.0,0.0,1e-06,PASS
2025-09-05T19:12:10.945099,f3_cci,-100.0,-100.0,0.0,1e-06,PASS
2025-09-05T19:12:10.945099,f4_adx,20.0,20.0,0.0,1e-06,PASS
2025-09-05T19:12:10.945099,f5_rsi,40.0,40.0,0.0,1e-06,PASS
2025-09-05T19:12:10.951191,prediction,0,0,0,1e-06,PASS
2025-09-05T19:12:10.951191,confidence,0.0,0.0,0.0,1e-06,PASS
2025-09-05T19:12:10.951191,signal,0,0,0,1e-06,PASS
2025-09-05T19:12:10.951191,neighbors_count,8,8,0,1e-06,PASS
2025-09-05T19:12:10.955215,f1_rsi,40.0,40.0,0.0,1e-06,PASS
2025-09-05T19:12:10.955215,f2_wt,-20.0,-20.0,0.0,1e-06,PASS
2025-09-05T19:12:10.955215,f3_cci,-100.0,-100.0,0.0,1e-06,PASS
2025-09-05T19:12:10.955215,f4_adx,20.0,20.0,0.0,1e-06,PASS
2025-09-05T19:12:10.955215,f5_rsi,40.0,40.0,0.0,1e-06,PASS
2025-09-05T19:12:10.958265,prediction,0,0,0,1e-06,PASS
2025-09-05T19:12:10.958265,confidence,0.0,0.0,0.0,1e-06,PASS
2025-09-05T19:12:10.958265,signal,0,0,0,1e-06,PASS
2025-09-05T19:12:10.958265,neighbors_count,8,8,0,1e-06,PASS
2025-09-05T19:12:10.960272,f1_rsi,40.0,40.0,0.0,1e-06,PASS
2025-09-05T19:12:10.960272,f2_wt,-20.0,-20.0,0.0,1e-06,PASS
2025-09-05T19:12:10.960272,f3_cci,-100.0,-100.0,0.0,1e-06,PASS
2025-09-05T19:12:10.960272,f4_adx,20.0,20.0,0.0,1e-06,PASS
2025-09-05T19:12:10.960272,f5_rsi,40.0,40.0,0.0,1e-06,PASS
2025-09-05T19:12:10.965066,prediction,0,0,0,1e-06,PASS
2025-09-05T19:12:10.965066,confidence,0.0,0.0,0.0,1e-06,PASS
2025-09-05T19:12:10.965066,signal,0,0,0,1e-06,PASS
2025-09-05T19:12:10.965066,neighbors_count,8,8,0,1e-06,PASS
2025-09-05T19:12:10.970074,f1_rsi,40.0,40.0,0.0,1e-06,PASS
2025-09-05T19:12:10.970074,f2_wt,-20.0,-20.0,0.0,1e-06,PASS
2025-09-05T19:12:10.970074,f3_cci,-100.0,-100.0,0.0,1e-06,PASS
2025-09-05T19:12:10.970074,f4_adx,20.0,20.0,0.0,1e-06,PASS
2025-09-05T19:12:10.970074,f5_rsi,40.0,40.0,0.0,1e-06,PASS
2025-09-05T19:12:10.973318,prediction,0,0,0,1e-06,PASS
2025-09-05T19:12:10.973318,confidence,0.0,0.0,0.0,1e-06,PASS
2025-09-05T19:12:10.973318,signal,0,0,0,1e-06,PASS
2025-09-05T19:12:10.973318,neighbors_count,8,8,0,1e-06,PASS
2025-09-05T19:12:10.973318,f1_rsi,40.0,40.0,0.0,1e-06,PASS
2025-09-05T19:12:10.973318,f2_wt,-20.0,-20.0,0.0,1e-06,PASS
2025-09-05T19:12:10.973318,f3_cci,-100.0,-100.0,0.0,1e-06,PASS
2025-09-05T19:12:10.973318,f4_adx,20.0,20.0,0.0,1e-06,PASS
2025-09-05T19:12:10.973318,f5_rsi,40.0,40.0,0.0,1e-06,PASS
2025-09-05T19:12:10.977325,prediction,0,0,0,1e-06,PASS
2025-09-05T19:12:10.977325,confidence,0.0,0.0,0.0,1e-06,PASS
2025-09-05T19:12:10.977325,signal,0,0,0,1e-06,PASS
2025-09-05T19:12:10.977325,neighbors_count,8,8,0,1e-06,PASS
2025-09-05T19:12:10.978563,f1_rsi,40.0,40.0,0.0,1e-06,PASS
2025-09-05T19:12:10.978563,f2_wt,-20.0,-20.0,0.0,1e-06,PASS
2025-09-05T19:12:10.978563,f3_cci,-100.0,-100.0,0.0,1e-06,PASS
2025-09-05T19:12:10.978563,f4_adx,20.0,20.0,0.0,1e-06,PASS
2025-09-05T19:12:10.978563,f5_rsi,40.0,40.0,0.0,1e-06,PASS
2025-09-05T19:12:10.983813,prediction,0,0,0,1e-06,PASS
2025-09-05T19:12:10.983813,confidence,0.0,0.0,0.0,1e-06,PASS
2025-09-05T19:12:10.983813,signal,0,0,0,1e-06,PASS
2025-09-05T19:12:10.983813,neighbors_count,8,8,0,1e-06,PASS
2025-09-05T19:12:10.985827,f1_rsi,40.0,40.0,0.0,1e-06,PASS
2025-09-05T19:12:10.985827,f2_wt,-20.0,-20.0,0.0,1e-06,PASS
2025-09-05T19:12:10.985827,f3_cci,-100.0,-100.0,0.0,1e-06,PASS
2025-09-05T19:12:10.985827,f4_adx,20.0,20.0,0.0,1e-06,PASS
2025-09-05T19:12:10.985827,f5_rsi,40.0,40.0,0.0,1e-06,PASS
2025-09-05T19:12:10.990006,prediction,0,0,0,1e-06,PASS
2025-09-05T19:12:10.990006,confidence,0.0,0.0,0.0,1e-06,PASS
2025-09-05T19:12:10.990006,signal,0,0,0,1e-06,PASS
2025-09-05T19:12:10.990006,neighbors_count,8,8,0,1e-06,PASS
2025-09-05T19:12:10.992015,f1_rsi,40.0,40.0,0.0,1e-06,PASS
2025-09-05T19:12:10.992015,f2_wt,-20.0,-20.0,0.0,1e-06,PASS
2025-09-05T19:12:10.992015,f3_cci,-100.0,-100.0,0.0,1e-06,PASS
2025-09-05T19:12:10.992015,f4_adx,20.0,20.0,0.0,1e-06,PASS
2025-09-05T19:12:10.992015,f5_rsi,40.0,40.0,0.0,1e-06,PASS
2025-09-05T19:12:10.996032,prediction,0,0,0,1e-06,PASS
2025-09-05T19:12:10.996032,confidence,0.0,0.0,0.0,1e-06,PASS
2025-09-05T19:12:10.996032,signal,0,0,0,1e-06,PASS
2025-09-05T19:12:10.996032,neighbors_count,8,8,0,1e-06,PASS
2025-09-05T19:12:11.002490,f1_rsi,40.0,40.0,0.0,1e-06,PASS
2025-09-05T19:12:11.002490,f2_wt,-20.0,-20.0,0.0,1e-06,PASS
2025-09-05T19:12:11.002490,f3_cci,-100.0,-100.0,0.0,1e-06,PASS
2025-09-05T19:12:11.002490,f4_adx,20.0,20.0,0.0,1e-06,PASS
2025-09-05T19:12:11.002490,f5_rsi,40.0,40.0,0.0,1e-06,PASS
2025-09-05T19:12:11.002490,prediction,0,0,0,1e-06,PASS
2025-09-05T19:12:11.002490,confidence,0.0,0.0,0.0,1e-06,PASS
2025-09-05T19:12:11.002490,signal,0,0,0,1e-06,PASS
2025-09-05T19:12:11.002490,neighbors_count,8,8,0,1e-06,PASS
2025-09-05T19:12:11.007132,f1_rsi,40.0,40.0,0.0,1e-06,PASS
2025-09-05T19:12:11.007132,f2_wt,-20.0,-20.0,0.0,1e-06,PASS
2025-09-05T19:12:11.007132,f3_cci,-100.0,-100.0,0.0,1e-06,PASS
2025-09-05T19:12:11.007132,f4_adx,20.0,20.0,0.0,1e-06,PASS
2025-09-05T19:12:11.007132,f5_rsi,40.0,40.0,0.0,1e-06,PASS
2025-09-05T19:12:11.011153,prediction,0,0,0,1e-06,PASS
2025-09-05T19:12:11.011153,confidence,0.0,0.0,0.0,1e-06,PASS
2025-09-05T19:12:11.011153,signal,0,0,0,1e-06,PASS
2025-09-05T19:12:11.011153,neighbors_count,8,8,0,1e-06,PASS
2025-09-05T19:12:11.015024,f1_rsi,40.0,40.0,0.0,1e-06,PASS
2025-09-05T19:12:11.015024,f2_wt,-20.0,-20.0,0.0,1e-06,PASS
2025-09-05T19:12:11.015024,f3_cci,-100.0,-100.0,0.0,1e-06,PASS
2025-09-05T19:12:11.015024,f4_adx,20.0,20.0,0.0,1e-06,PASS
2025-09-05T19:12:11.015024,f5_rsi,40.0,40.0,0.0,1e-06,PASS
2025-09-05T19:12:11.019437,prediction,0,0,0,1e-06,PASS
2025-09-05T19:12:11.019437,confidence,0.0,0.0,0.0,1e-06,PASS
2025-09-05T19:12:11.019437,signal,0,0,0,1e-06,PASS
2025-09-05T19:12:11.019437,neighbors_count,8,8,0,1e-06,PASS
2025-09-05T19:12:11.019437,f1_rsi,40.0,40.0,0.0,1e-06,PASS
2025-09-05T19:12:11.019437,f2_wt,-20.0,-20.0,0.0,1e-06,PASS
2025-09-05T19:12:11.019437,f3_cci,-100.0,-100.0,0.0,1e-06,PASS
2025-09-05T19:12:11.019437,f4_adx,20.0,20.0,0.0,1e-06,PASS
2025-09-05T19:12:11.019437,f5_rsi,40.0,40.0,0.0,1e-06,PASS
2025-09-05T19:12:11.023163,prediction,0,0,0,1e-06,PASS
2025-09-05T19:12:11.023163,confidence,0.0,0.0,0.0,1e-06,PASS
2025-09-05T19:12:11.023163,signal,0,0,0,1e-06,PASS
2025-09-05T19:12:11.023163,neighbors_count,8,8,0,1e-06,PASS
2025-09-05T19:12:11.023163,lot_size_min,0.01,0.2999999999999931,0.2899999999999931,1e-06,PASS
2025-09-05T19:12:11.023163,risk_amount_positive,0.0,150.0,150.0,1e-06,PASS
2025-09-05T19:12:11.023163,can_trade_boolean,True,True,0,1e-06,PASS
2025-09-05T19:12:11.023163,reason_string,0,0,0,1e-06,PASS
2025-09-05T19:12:11.023163,current_session_string,0,0,0,1e-06,PASS
